path,name,mime_type,modified,url
/2-1 CDCs/OOP,CS F213 16-17.pdf,application/pdf,8/20/2023,https://drive.google.com/file/d/SAMPLE-0001/view?usp=drivesdk
/2-1 CDCs/OOP,CS F213 15-16.pdf,application/pdf,8/20/2023,https://drive.google.com/file/d/SAMPLE-0002/view?usp=drivesdk
/2-1 CDCs/OOP/25-26 Sem 1 (Prof. Iyer)/Midsem,Midsem 25-26.pdf,application/pdf,10/12/2025,https://drive.google.com/file/d/SAMPLE-0003/view?usp=drivesdk
/2-1 CDCs/OOP/25-26 Sem 1 (Prof. Iyer)/Midsem,Midsem 25-26 Solution.pdf,application/pdf,10/12/2025,https://drive.google.com/file/d/SAMPLE-0004/view?usp=drivesdk
/2-1 CDCs/OOP/25-26 Sem 1 (Prof. Iyer)/Compre,Compre 25-26.pdf,application/pdf,12/9/2025,https://drive.google.com/file/d/SAMPLE-0005/view?usp=drivesdk
/2-1 CDCs/OOP/25-26 Sem 1 (Prof. Iyer)/Quizzes,Quiz 1.pdf,application/pdf,9/30/2025,https://drive.google.com/file/d/SAMPLE-0006/view?usp=drivesdk
/2-1 CDCs/OOP/25-26 Sem 1 (Prof. Iyer)/Quizzes,Quiz 2.pdf,application/pdf,9/30/2025,https://drive.google.com/file/d/SAMPLE-0007/view?usp=drivesdk
/2-1 CDCs/OOP/25-26 Sem 1 (Prof. Iyer)/Slides,Inheritance and Polymorphism.pptx,application/vnd.openxmlformats-officedocument.presentationml.presentation,9/1/2025,https://drive.google.com/file/d/SAMPLE-0008/view?usp=drivesdk
/2-1 CDCs/OOP/25-26 Sem 1 (Prof. Iyer)/Slides,Design Patterns.pdf,application/pdf,9/1/2025,https://drive.google.com/file/d/SAMPLE-0009/view?usp=drivesdk
/2-1 CDCs/OOP/24-25 Sem 1 (Prof. Rao)/Midsem,Midsem 24-25.pdf,application/pdf,10/12/2025,https://drive.google.com/file/d/SAMPLE-0010/view?usp=drivesdk
/2-1 CDCs/OOP/24-25 Sem 1 (Prof. Rao)/Midsem,Midsem 24-25 Solution.pdf,application/pdf,10/12/2025,https://drive.google.com/file/d/SAMPLE-0011/view?usp=drivesdk
/2-1 CDCs/OOP/24-25 Sem 1 (Prof. Rao)/Compre,Compre 24-25.pdf,application/pdf,12/9/2025,https://drive.google.com/file/d/SAMPLE-0012/view?usp=drivesdk
/2-1 CDCs/OOP/24-25 Sem 1 (Prof. Rao)/Quizzes,Quiz 1.pdf,application/pdf,9/30/2025,https://drive.google.com/file/d/SAMPLE-0013/view?usp=drivesdk
/2-1 CDCs/OOP/24-25 Sem 1 (Prof. Rao)/Quizzes,Quiz 2.pdf,application/pdf,9/30/2025,https://drive.google.com/file/d/SAMPLE-0014/view?usp=drivesdk
/2-1 CDCs/OOP/24-25 Sem 1 (Prof. Rao)/Slides,Inheritance and Polymorphism.pptx,application/vnd.openxmlformats-officedocument.presentationml.presentation,9/1/2025,https://drive.google.com/file/d/SAMPLE-0015/view?usp=drivesdk
/2-1 CDCs/OOP/24-25 Sem 1 (Prof. Rao)/Slides,Design Patterns.pdf,application/pdf,9/1/2025,https://drive.google.com/file/d/SAMPLE-0016/view?usp=drivesdk
/2-1 CDCs/OOP/23-24 Sem 1 (Prof. Das)/Midsem,Midsem 23-24.pdf,application/pdf,10/12/2025,https://drive.google.com/file/d/SAMPLE-0017/view?usp=drivesdk
/2-1 CDCs/OOP/23-24 Sem 1 (Prof. Das)/Midsem,Midsem 23-24 Solution.pdf,application/pdf,10/12/2025,https://drive.google.com/file/d/SAMPLE-0018/view?usp=drivesdk
/2-1 CDCs/OOP/23-24 Sem 1 (Prof. Das)/Compre,Compre 23-24.pdf,application/pdf,12/9/2025,https://drive.google.com/file/d/SAMPLE-0019/view?usp=drivesdk
/2-1 CDCs/OOP/23-24 Sem 1 (Prof. Das)/Quizzes,Quiz 1.pdf,application/pdf,9/30/2025,https://drive.google.com/file/d/SAMPLE-0020/view?usp=drivesdk
/2-1 CDCs/OOP/23-24 Sem 1 (Prof. Das)/Quizzes,Quiz 2.pdf,application/pdf,9/30/2025,https://drive.google.com/file/d/SAMPLE-0021/view?usp=drivesdk
/2-1 CDCs/OOP/23-24 Sem 1 (Prof. Das)/Slides,Inheritance and Polymorphism.pptx,application/vnd.openxmlformats-officedocument.presentationml.presentation,9/1/2025,https://drive.google.com/file/d/SAMPLE-0022/view?usp=drivesdk
/2-1 CDCs/OOP/23-24 Sem 1 (Prof. Das)/Slides,Design Patterns.pdf,application/pdf,9/1/2025,https://drive.google.com/file/d/SAMPLE-0023/view?usp=drivesdk
/2-1 CDCs/OOP/22-23 Sem 1 (CS_25 - Prof. Das),Midsem Paper.pdf,application/pdf,10/2/2023,https://drive.google.com/file/d/SAMPLE-0024/view?usp=drivesdk
/2-1 CDCs/DD/Sem 1 25-26 (Prof. Nair)/Midsem,Midsem.pdf,application/pdf,10/14/2025,https://drive.google.com/file/d/SAMPLE-0025/view?usp=drivesdk
/2-1 CDCs/DD/Sem 1 25-26 (Prof. Nair)/Midsem,Midsem Solution.pdf,application/pdf,10/14/2025,https://drive.google.com/file/d/SAMPLE-0026/view?usp=drivesdk
/2-1 CDCs/DD/Sem 1 25-26 (Prof. Nair)/Compre,DD Compre QP.pdf,application/pdf,12/10/2025,https://drive.google.com/file/d/SAMPLE-0027/view?usp=drivesdk
/2-1 CDCs/DD/Sem 1 25-26 (Prof. Nair)/Cheatsheets,CompreCheatsheet1.pdf,application/pdf,12/1/2025,https://drive.google.com/file/d/SAMPLE-0028/view?usp=drivesdk
/2-1 CDCs/DD/Sem 1 25-26 (Prof. Nair)/Cheatsheets,CompreCheatsheet2.pdf,application/pdf,12/1/2025,https://drive.google.com/file/d/SAMPLE-0029/view?usp=drivesdk
/2-1 CDCs/DD/Sem 1 25-26 (Prof. Nair)/Labs/Lab 9,full_adder.v,application/octet-stream,11/3/2025,https://drive.google.com/file/d/SAMPLE-0030/view?usp=drivesdk
/2-1 CDCs/DD/Sem 1 25-26 (Prof. Nair)/Labs/Lab 9,testbench.v,application/octet-stream,11/3/2025,https://drive.google.com/file/d/SAMPLE-0031/view?usp=drivesdk
/2-1 CDCs/DD/Sem 1 25-26 (Prof. Nair)/Labs/Lab 9,adder.vcd,application/x-cdlink,11/3/2025,https://drive.google.com/file/d/SAMPLE-0032/view?usp=drivesdk
/2-1 CDCs/DD/Sem 1 25-26 (Prof. Nair)/Labs/Lab 9,Makefile,application/octet-stream,11/3/2025,https://drive.google.com/file/d/SAMPLE-0033/view?usp=drivesdk
/2-1 CDCs/DD/Sem 1 25-26 (Prof. Nair)/Labs/Lab 9,.DS_Store,application/octet-stream,11/3/2025,https://drive.google.com/file/d/SAMPLE-0034/view?usp=drivesdk
/2-1 CDCs/DD/Sem 1 25-26 (Prof. Nair)/Labs/Lab 10,fsm.v,application/octet-stream,11/10/2025,https://drive.google.com/file/d/SAMPLE-0035/view?usp=drivesdk
/2-1 CDCs/DD/Sem 1 25-26 (Prof. Nair)/Labs/Lab 10,testbench.v,application/octet-stream,11/10/2025,https://drive.google.com/file/d/SAMPLE-0036/view?usp=drivesdk
/2-1 CDCs/DD/Sem 1 25-26 (Prof. Nair)/Labs/Lab 10,Lab10_solution.zip,application/x-zip-compressed,11/10/2025,https://drive.google.com/file/d/SAMPLE-0037/view?usp=drivesdk
/2-1 CDCs/DD/Sem 1 25-26 (Prof. Nair)/Labs/Lab 10,RunTestcases,application/octet-stream,11/10/2025,https://drive.google.com/file/d/SAMPLE-0038/view?usp=drivesdk
/2-1 CDCs/DD/Sem 1 25-26 (Prof. Nair)/Tutorials/Tutorial 1 - Verilog Introduction,Tutorial 1.pdf,application/pdf,8/28/2025,https://drive.google.com/file/d/SAMPLE-0039/view?usp=drivesdk
/2-1 CDCs/DD/Sem 1 25-26 (Prof. Nair)/Tutorials/Tutorial 1 - Verilog Introduction,intro.v,application/octet-stream,8/28/2025,https://drive.google.com/file/d/SAMPLE-0040/view?usp=drivesdk
/2-1 CDCs/DD/Sem 1 25-26 (Prof. Nair)/Tutorials/Tutorial 2 - Testbenches,Tutorial 2.pdf,application/pdf,9/4/2025,https://drive.google.com/file/d/SAMPLE-0041/view?usp=drivesdk
/2-1 CDCs/DD/Sem 1 25-26 (Prof. Nair)/Tutorials/Tutorial 2 - Testbenches,tb.v,application/octet-stream,9/4/2025,https://drive.google.com/file/d/SAMPLE-0042/view?usp=drivesdk
/2-1 CDCs/DD/Sem 1 25-26 (Prof. Nair)/Tutorials/Tutorial 2 - Testbenches,helper.py,text/x-python,9/4/2025,https://drive.google.com/file/d/SAMPLE-0043/view?usp=drivesdk
/2-1 CDCs/M3/Sem 1 25-26 (Prof. Sen)/Evals,Quiz 1 QP.pdf,application/pdf,12/4/2025,https://drive.google.com/file/d/SAMPLE-0044/view?usp=drivesdk
/2-1 CDCs/M3/Sem 1 25-26 (Prof. Sen)/Evals,Quiz 1 Key.pdf,application/pdf,12/4/2025,https://drive.google.com/file/d/SAMPLE-0045/view?usp=drivesdk
/2-1 CDCs/M3/Sem 1 25-26 (Prof. Sen)/Evals,Quiz 2 QP.pdf,application/pdf,12/4/2025,https://drive.google.com/file/d/SAMPLE-0046/view?usp=drivesdk
/2-1 CDCs/M3/Sem 1 25-26 (Prof. Sen)/Evals,Midsem QP.pdf,application/pdf,12/4/2025,https://drive.google.com/file/d/SAMPLE-0047/view?usp=drivesdk
/2-1 CDCs/M3/Sem 1 25-26 (Prof. Sen)/Evals,Midsem Solutions.pdf,application/pdf,12/4/2025,https://drive.google.com/file/d/SAMPLE-0048/view?usp=drivesdk
/2-1 CDCs/M3/Sem 1 25-26 (Prof. Sen)/Evals,Compre Part A Key.pdf,application/pdf,12/4/2025,https://drive.google.com/file/d/SAMPLE-0049/view?usp=drivesdk
/2-1 CDCs/M3/Sem 1 25-26 (Prof. Sen)/Evals,Compre Part B QP.pdf,application/pdf,12/4/2025,https://drive.google.com/file/d/SAMPLE-0050/view?usp=drivesdk
/2-1 CDCs/M3/Sem 1 25-26 (Prof. Sen)/Slides/Lecturer A (Pre Midsem),Lecture 1.pdf,application/pdf,9/10/2025,https://drive.google.com/file/d/SAMPLE-0051/view?usp=drivesdk
/2-1 CDCs/M3/Sem 1 25-26 (Prof. Sen)/Slides/Lecturer A (Pre Midsem),Lecture 2.pdf,application/pdf,9/10/2025,https://drive.google.com/file/d/SAMPLE-0052/view?usp=drivesdk
/2-1 CDCs/M3/Sem 1 25-26 (Prof. Sen)/Slides/Lecturer A (Pre Midsem),Lecture 3.pdf,application/pdf,9/10/2025,https://drive.google.com/file/d/SAMPLE-0053/view?usp=drivesdk
/2-1 CDCs/M3/Sem 1 25-26 (Prof. Sen)/Slides/Lecturer A (Pre Midsem),Lecture 4.pdf,application/pdf,9/10/2025,https://drive.google.com/file/d/SAMPLE-0054/view?usp=drivesdk
/2-1 CDCs/M3/Sem 1 25-26 (Prof. Sen)/Slides/Lecturer A (Pre Midsem),Lecture 5.pdf,application/pdf,9/10/2025,https://drive.google.com/file/d/SAMPLE-0055/view?usp=drivesdk
/2-1 CDCs/M3/Sem 1 25-26 (Prof. Sen)/Slides/Lecturer B (Post Midsem),Bessel Functions.pdf,application/pdf,11/1/2025,https://drive.google.com/file/d/SAMPLE-0056/view?usp=drivesdk
/2-1 CDCs/M3/Sem 1 25-26 (Prof. Sen)/Slides/Lecturer B (Post Midsem),Fourier Series.pdf,application/pdf,11/1/2025,https://drive.google.com/file/d/SAMPLE-0057/view?usp=drivesdk
/2-1 CDCs/M3/Sem 1 25-26 (Prof. Sen)/Topicwise Guides,Laplace Transforms.pdf,application/pdf,11/20/2025,https://drive.google.com/file/d/SAMPLE-0058/view?usp=drivesdk
/2-1 CDCs/M3/Sem 1 25-26 (Prof. Sen)/Topicwise Guides,Fourier Series.pdf,application/pdf,11/20/2025,https://drive.google.com/file/d/SAMPLE-0059/view?usp=drivesdk
/2-1 CDCs/M3/Sem 1 25-26 (Prof. Sen)/Topicwise Guides,Legendre Polynomials.pdf,application/pdf,11/20/2025,https://drive.google.com/file/d/SAMPLE-0060/view?usp=drivesdk
/2-1 CDCs/M3/Sem 1 25-26 (Prof. Sen)/Topicwise Guides/TeX files,laplace.tex,application/octet-stream,11/20/2025,https://drive.google.com/file/d/SAMPLE-0061/view?usp=drivesdk
/2-1 CDCs/M3/Sem 1 25-26 (Prof. Sen)/Topicwise Guides/TeX files,fourier.tex,application/octet-stream,11/20/2025,https://drive.google.com/file/d/SAMPLE-0062/view?usp=drivesdk
/2-1 CDCs/M3/Sem 1 24-25 (Prof. Kapoor)/Quizzes,Quiz_1.pdf,application/pdf,10/1/2024,https://drive.google.com/file/d/SAMPLE-0063/view?usp=drivesdk
/2-1 CDCs/M3/Sem 1 24-25 (Prof. Kapoor)/Quizzes,Answer_Key_Q1.pdf,application/pdf,10/1/2024,https://drive.google.com/file/d/SAMPLE-0064/view?usp=drivesdk
/2-1 CDCs/M3/Sem 1 24-25 (Prof. Kapoor)/Midsem,Midsem.pdf,application/pdf,10/15/2024,https://drive.google.com/file/d/SAMPLE-0065/view?usp=drivesdk
/2-1 CDCs/M3/Sem 1 24-25 (Prof. Kapoor)/Midsem,Midsem_Solution.pdf,application/pdf,10/15/2024,https://drive.google.com/file/d/SAMPLE-0066/view?usp=drivesdk
/2-1 CDCs/LCS/Sem 1 25-26 (Prof. Bose),Handwritten Notes.png,image/png,10/20/2025,https://drive.google.com/file/d/SAMPLE-0067/view?usp=drivesdk
/2-1 CDCs/LCS/Sem 1 25-26 (Prof. Bose)/Slides,Propositional Logic.pdf,application/pdf,9/15/2025,https://drive.google.com/file/d/SAMPLE-0068/view?usp=drivesdk
/2-1 CDCs/M3/Sem 1 25-26 (Prof. Sen),Course Info,application/vnd.google-apps.document,8/1/2025,https://docs.google.com/document/d/SAMPLE-0069/edit?usp=drivesdk
